Boston Marathon Bombing,Citations
bostonglobe.com,47
cnn.com,32
nytimes.com,27
washingtonpost.com,20
cbsnews.com,20
nbcnews.com,19
abcnews.com,19
huffingtonpost.com,16
usatoday.com,14
theguardian.com,12
dailymail.co.uk,12
telegraph.co.uk,12
newyork.newsday.com,9
reuters.com,8
ap.org,8
latimes.com,8
nymag.com,8
bbc.co.uk,7
bloomberg.com,7
theatlanticwire.com,6
nydailynews.com,5
npr.org,5
timesofisrael.com,4
3news.co.nz,4
news.yahoo.com,4
blog.adl.org,4
fbi.gov,4
bostonherald.com,4
wcvb.com,4
aljazeera.com,4
politico.com,3
justice.gov,3
thestar.com,3
independent.co.uk,3
foxnews.com,3
businessinsider.com,3
thedailybeast.com,3
deadspin.com,3
slate.com,3
bu.edu,3
world.time.com,3
wggb.com,2
news.nationalpost.com,2
news.com.au,2
theatlantic.com,2
rollingstone.com,2
nypost.com,2
en.rian.ru,2
miamiherald.com,2
themoscowtimes.com,2
nation.time.com,2
communities.washingtontimes.com,2
newyorker.com,2
theglobeandmail.com,2
sports.yahoo.com,2
apnews.myway.com,2
baa.org,2
bostonmarathon.org,1
washingtontimes.com,1
forward.com,1
kavkaz.org.uk,1
sltrib.com,1
cnews.canoe.ca,1
ibtimes.com,1
thenewamerican.com,1
tfr.faa.gov,1
newsfeed.time.com,1
thesomervillenews.com,1
web.mit.edu,1
wgntv.com,1
forums.radioreference.com,1
www1.whdh.com,1
recordamerican.com,1
cjr.org,1
hk.apple.nextmedia.com,1
nhregister.com,1
c.o0bg.com,1
wwl.com,1
silive.com,1
masslive.com,1
necn.com,1
ndtv.com,1
google.org,1
wrcbtv.com,1
cbc.ca,1
news24.com,1
couriermail.com.au,1
gizmodo.com,1
wpri.com,1
blog.foreignpolicy.com,1
abc6onyourside.com,1
haaretz.com,1
abc6.com,1
law.cornell.edu,1
chechenpress.org,1
vancouversun.com,1
fox17online.com,1
brisbanetimes.com.au,1
newsday.com,1
articles.chicagotribune.com,1
ibtimes.co.uk,1
abc.net.au,1
espn.go.com,1
rferl.org,1
thetimes.co.uk,1
ottawacitizen.com,1
jewishjournal.com,1
newsleader.com,1
sbs.com.au,1
now.msn.com,1
tucsoncitizen.com,1
news.sky.com,1
wickedlocal.com,1
getonhand.com,1
spiked-online.com,1
talkleft.com,1
world.foxnews.mobi,1
myfoxboston.com,1
chambliss.senate.gov,1
cfnews13.com,1
kfor.com,1
lowellsun.com,1
thehill.com,1
kgw.com,1
usnews.com,1
rt.com,1
mediabistro.com,1
thejakartaglobe.com,1
weeklystandard.com,1
ft.com,1
tv.sohu.com,1
tabletmag.com,1
seattletimes.com,1
livewire.talkingpointsmemo.com,1
theepochtimes.com,1
redcross.org,1
trust.org,1
globalpost.com,1
nybooks.com,1
news.msn.com,1
mynorthwest.com,1
frontpagemag.com,1
bing.com,1
independentsentinel.com,1
oregonlive.com,1
mediaite.com,1
ncaa.com,1
live.boston.com,1
bso.org,1
heavy.com,1
economist.com,1
rawstory.com,1
marathonlawdenver.com,1
huffingtonpost.co.uk,1
csmonitor.com,1
ci.somerville.ma.us,1
