George Zimmerman Trial,Citations
cnn.com,69
orlandosentinel.com,58
cbsnews.com,33
abcnews.com,30
usatoday.com,28
miamiherald.com,27
nytimes.com,26
foxnews.com,24
washingtonpost.com,24
huffingtonpost.com,23
nbcnews.com,19
reuters.com,16
latimes.com,15
clickorlando.com,15
wftv.com,12
tampabay.com,12
ap.org,10
usnews.msnbc.msn.com,7
cfnews13.com,7
news.yahoo.com,5
newsfeed.time.com,5
dailycaller.com,5
youtube.com,5
npr.org,5
mediaite.com,5
motherjones.com,4
realclearpolitics.com,4
hlntv.com,4
wtsp.com,4
mysanfordherald.com,3
standard.net,3
wesh.com,3
ibtimes.com,3
thedailybeast.com,3
dailymail.co.uk,3
thegrio.com,3
nydailynews.com,3
myfoxorlando.com,3
flgov.com,2
politico.com,2
salon.com,2
wagist.com,2
wjla.com,2
gzlegalcase.com,2
nymag.com,2
theguardian.com,2
articles.chicagotribune.com,2
today.com,2
thinkprogress.org,2
bizsecurity.about.com,2
local10.com,2
suntimes.com,2
miamiherald.typepad.com,2
mediabistro.com,2
palmbeachpost.com,2
jacksonville.com,2
theblaze.com,2
blogs.chicagotribune.com,2
poynter.org,2
deadline.com,2
healthland.time.com,1
gzdocs.com,1
washingtontimes.com,1
sltrib.com,1
people-press.org,1
businessinsider.com,1
nypost.com,1
theatlantic.com,1
articles.nydailynews.com,1
westorlandonews.com,1
ign.com,1
cjr.org,1
scribd.com,1
chicagonow.com,1
m.jsonline.com,1
theroot.com,1
bostonglobe.com,1
politifact.com,1
chicagotribune.com,1
thedianerehmshow.org,1
wltz.com,1
mynews13.com,1
myfoxchicago.com,1
thenation.com,1
espn.go.com,1
huffingtonpost.ca,1
freep.com,1
bbc.co.uk,1
upi.com,1
wisn.com,1
todaystmj4.com,1
floridatoday.com,1
en.wikipedia.org,1
naplesnews.com,1
wnd.com,1
pbs.org,1
globalgrind.com,1
thesmokinggun.com,1
expertwitnessguru.com,1
news.ca.msn.com,1
english.farsnews.com,1
wptv.com,1
change.org,1
foxnewsinsider.com,1
loop21.com,1
slate.com,1
i2.cdn.turner.com,1
fbi.gov,1
video.foxnews.com,1
bloomberg.com,1
bostonherald.com,1
insightoutnews.org,1
m.newsbusters.org,1
startribune.com,1
wtam.com,1
newsmax.com,1
global.christianpost.com,1
wbtv.com,1
myfoxtampabay.com,1
digitaljournal.com,1
christianpost.com,1
baltimoresun.com,1
wdsu.com,1
csmonitor.com,1
