Nelson Mandela Death,Citations
bbc.co.uk,17
nytimes.com,13
telegraph.co.uk,11
theguardian.com,10
iol.co.za,6
cnn.com,5
highbeam.com,5
independent.co.uk,5
anc.org.za,5
cbsnews.com,5
nelsonmandela.org,5
citypress.co.za,5
washingtonpost.com,4
gov.za,4
government.se,3
huffingtonpost.com,3
reuters.com,3
timesofindia.indiatimes.com,3
abcnews.com,3
latimes.com,3
globaltimes.cn,3
time.com,3
bdlive.co.za,3
timor-leste.gov.tl,3
npr.org,3
dx.doi.org,2
news.com.au,2
news24.com,2
channel24.co.za,2
bdnews24.com,2
straitstimes.com,2
enca.com,2
foxnews.com,2
spsrasd.info,2
dailymail.co.uk,2
allafrica.com,2
bloomberg.com,2
southafrica.info,2
insidemovies.ew.com,2
aljazeera.com,2
agangsa.org.za,1
news.biharprabha.com,1
georgewbush-whitehouse.archives.gov,1
thebackbencher.co.uk,1
mirror.co.uk,1
foreignaffairs.co.nz,1
articles.timesofindia.indiatimes.com,1
ghanaweb.com,1
latino.foxnews.com,1
ibtimes.com,1
jersey.isle-news.com,1
manager.co.th,1
m.theglobeandmail.com,1
news.naver.com,1
mediaclubsouthafrica.com,1
cosatu.org.za,1
france24.com,1
politico.com,1
oem.com.mx,1
info.gov.za,1
politicsweb.co.za,1
books.google.com,1
la-razon.com,1
anc.yahoo.com,1
citizen.co.za,1
b92.net,1
usatoday.com,1
century.guardian.co.uk,1
en.escambray.cu,1
standardmedia.co.ke,1
ndtv.com,1
antena3.ro,1
press.vatican.va,1
ci.org.za,1
peaceandjustice.org,1
edition.channel5belize.com,1
cbc.ca,1
garyplayer.com,1
bt.com.bn,1
nbcnews.com,1
english.ahram.org.eg,1
chicagotribune.com,1
afp.com,1
news.ninemsn.com.au,1
egyptindependent.com,1
go-jamaica.com,1
buenosairesherald.com,1
maravipost.com,1
sanews.gov.za,1
radio.gov.pk,1
albawaba.com,1
mandela.gov.za,1
epress.anu.edu.au,1
thepresidency.gov.za,1
kormany.hu,1
derechos.org,1
rivieratimes.com,1
nato.int,1
dalailama.com,1
sun.com.na,1
en.interfax.com.ua,1
whitehouse.gov,1
news.chinhphu.vn,1
yourgibraltartv.com,1
presidenri.go.id,1
casareal.es,1
topky.sk,1
voacambodia.com,1
samedia.uovs.ac.za,1
nobelprize.org,1
caribbean360.com,1
vlada.cz,1
newtimes.co.rw,1
americanlivewire.com,1
president.ir,1
upi.com,1
mg.co.za,1
nzherald.co.nz,1
ngopulse.org,1
pmnewsnigeria.com,1
cancilleria.gov.co,1
independent.ie,1
myhero.com,1
businessinsider.com,1
africa.upenn.edu,1
canadainternational.gc.ca,1
nmmu.ac.za,1
iaaf.org,1
news.xinhuanet.com,1
abc.es,1
thedailybeast.com,1
forbes.com,1
accesshollywood.com,1
aps.dz,1
regjeringen.no,1
irb.com,1
mfa.bg,1
gpg.gov.za,1
itv.com,1
itnsource.com,1
stuff.co.nz,1
thebody.com,1
appledaily.com.tw,1
politics.hu,1
rte.ie,1
books.google.co.za,1
history.com,1
1news.az,1
ft.com,1
thedailystar.net,1
presidencia.gob.mx,1
themoscownews.com,1
africaim.com,1
deredactie.be,1
postzambia.com,1
kaisernetwork.org,1
nehandaradio.com,1
ctvnews.ca,1
dispatch.co.za,1
eltiempo.com,1
top40.about.com,1
dailystar.com.lb,1
dailynews.gov.bw,1
pm.gc.ca,1
abdevilliersfan.com,1
ewn.co.za,1
youtube.com,1
hs.fi,1
news.sky.com,1
db.nelsonmandela.org,1
news.gov.hk,1
president-ksgov.net,1
commerce.uct.ac.za,1
primeminister.gov.gr,1
estadao.com.br,1
cphpost.dk,1
royal.gov.uk,1
rediff.com,1
theglobeandmail.com,1
latercera.com,1
en.gabonews.com,1
thecommonwealth.org,1
islandfm.com,1
firstpost.com,1
nydailynews.com,1
en.apa.az,1
english.president.go.kr,1
un.org,1
huffingtonpost.co.uk,1
imdb.com,1
english.yonhapnews.co.kr,1
inform.kz,1
observer.org.sz,1
presidencia.gob.do,1
collinsdictionary.com,1
bahamaspress.com,1
