US Economy,Citations
research.stlouisfed.org,8
bls.gov,7
cnn.com,5
pubdb3.census.gov,5
imf.org,5
news.xinhuanet.com,4
bbc.co.uk,4
heritage.org,4
census.gov,3
books.google.com,3
forbes.com,3
nytimes.com,3
bea.gov,3
greyhill.com,3
nbcnews.com,2
esoltas.blogspot.com,2
bloomberg.com,2
www2.census.gov,2
theatlantic.com,2
theguardian.com,2
washingtonpost.com,2
cbo.gov,2
usdebtclock.org,2
time.com,2
prospect.org,2
cbpp.org,2
federalreserve.gov,2
treasurydirect.gov,2
doingbusiness.org,2
books.nap.edu,1
shopfloor.org,1
nyxdata.com,1
youtube.com,1
nasdaq.com,1
econpost.com,1
esa.doc.gov,1
slate.com,1
bts.gov,1
nap.edu,1
gcr.weforum.org,1
napavalleyregister.com,1
digitalhistory.uh.edu,1
pnhp.org,1
floridatoday.com,1
huduser.org,1
isuppli.com,1
lanekenworthy.net,1
usnews.com,1
finfacts.com,1
boston.com:80,1
lccn.loc.gov,1
brookings.edu,1
people.hbs.edu,1
econlib.org,1
whitehouse.gov,1
articles.moneycentral.msn.com,1
huffingtonpost.com,1
globalcrisisnews.com,1
taxfoundation.org,1
nber.org,1
fai.org,1
ft.com,1
reason.com,1
eh.net,1
globalindex11.bsa.org,1
questia.com,1
ita.doc.gov,1
dailyfinance.com,1
foreignaffairs.org,1
usatoday.com,1
wsbe.unh.edu,1
dx.doi.org,1
gpoaccess.gov,1
briskfox.com,1
business.time.com,1
unc.edu,1
nvca.org,1
cepr.net,1
spiegel.de,1
sba.gov,1
standardandpoors.com,1
economist.com,1
