Egypt Coup,Citations
english.ahram.org.eg,49
aljazeera.com,37
bbc.co.uk,22
egyptindependent.com,18
reuters.com,17
dailynewsegypt.com,12
huffingtonpost.com,9
theguardian.com,9
cnn.com,7
nytimes.com,6
english.alarabiya.net,6
telegraph.co.uk,6
news.yahoo.com,5
foxnews.com,5
hurriyetdailynews.com,5
nbcnews.com,4
voanews.com,4
independent.co.uk,4
al-monitor.com,4
npr.org,4
cbsnews.com,4
madamasr.com,3
thestar.com,3
washingtonpost.com,3
oilprice.com,3
newsmax.com,3
washingtontimes.com,2
dx.doi.org,2
cbc.ca,2
news.sky.com,2
jpost.com,2
chicagotribune.com,2
youtube.com,2
ap.org,2
theaustralian.com.au,2
bloomberg.com,2
theatlanticwire.com,2
dw.de,2
middleeastmonitor.com,2
interaksyon.com,1
articles.timesofindia.indiatimes.com,1
amnesty.org.uk,1
news.smh.com.au,1
irishtimes.com,1
focac.org,1
usatoday.com,1
ynetnews.com,1
straitstimes.com,1
mondediplo.com,1
wdsu.com,1
hotair.com,1
cpj.org,1
sudantribune.com,1
israelnationalnews.com,1
tripolipost.com,1
ikhwanweb.com,1
whitehouse.gov,1
thenation.com,1
deseretnews.com,1
humanevents.com,1
amazon.com,1
freep.com,1
aawsat.net,1
upi.com,1
cancilleria.gov.co,1
carnegieendowment.org,1
en.rian.ru,1
thenational.ae,1
english.pnn.ps,1
dailykos.com,1
presstv.com,1
rt.com,1
translate.google.com,1
gallup.com,1
dailymail.co.uk,1
itv.com,1
canada.com,1
hindustantimes.com,1
bdlive.co.za,1
usat.ly,1
worldbulletin.net,1
expressandstar.com,1
ft.com,1
allafrica.com,1
en.harakahdaily.net,1
talkingpointsmemo.com,1
buenosairesherald.com,1
dailystar.com.lb,1
swampland.time.com,1
weekly.ahram.org.eg,1
hrw.org,1
metro.co.uk,1
trust.org,1
edmontonjournal.com,1
globalpost.com,1
wdbj7.com,1
world.time.com,1
foreignaffairs.com,1
khabaronline.ir,1
turkishweekly.net,1
economist.com,1
